File read date,IDF name,City,Window #,Model #,Heating Gas Site,units,Heating Electricity Site,units,Cooling Gas Site,units,Cooling Electricity Site,units,Fan Electricity Site,units,Total Energy Site,units,Peak Heating Gas Site,units,Peak Heating Electricity Site,units,Peak Cooling Gas Site,units,Peak Cooling Electricity Site,units,Peak Fan Electricity Site,units
2019-01-31 10:34:54.029811,Minneapolis_4inSlab - window 3 - model 2,Minneapolis_4inSlab,3,2,121.45,GJ,0.0,GJ,0.0,GJ,6.13,GJ,4.61,GJ,132.19,GJ,19443.08,W,0.0,W,0.0,W,2189.1,W,492.88,W
2019-01-31 10:34:54.044937,Minneapolis_4inSlab - window 1 - model 6,Minneapolis_4inSlab,1,6,127.22,GJ,0.0,GJ,0.0,GJ,8.92,GJ,6.26,GJ,142.39999999999998,GJ,21121.13,W,0.0,W,0.0,W,2756.34,W,650.53,W
2019-01-31 10:34:54.092623,Minneapolis_4inSlab - window 3 - model 5,Minneapolis_4inSlab,3,5,130.05,GJ,0.0,GJ,0.0,GJ,4.95,GJ,4.5,GJ,139.5,GJ,19814.03,W,0.0,W,0.0,W,2316.95,W,502.29,W
2019-01-31 10:34:54.107486,Minneapolis_4inSlab - window 1 - model 1,Minneapolis_4inSlab,1,1,123.77,GJ,0.0,GJ,0.0,GJ,9.13,GJ,6.33,GJ,139.23000000000002,GJ,20786.97,W,0.0,W,0.0,W,2783.66,W,658.25,W
2019-01-31 10:34:54.139123,Sacramento_highMass_interior_4inWall_6inSlab - window 4 - model 3,Sacramento_highMass_interior_4inWall_6inSlab,4,3,31.21,GJ,0.0,GJ,0.0,GJ,6.46,GJ,3.88,GJ,41.550000000000004,GJ,6923.37,W,0.0,W,0.0,W,1414.78,W,370.9,W
2019-01-31 10:34:54.154294,Sacramento_4inSlab - window 4 - model 5,Sacramento_4inSlab,4,5,35.32,GJ,0.0,GJ,0.0,GJ,6.32,GJ,4.31,GJ,45.95,GJ,6935.47,W,0.0,W,0.0,W,1877.86,W,479.7,W
2019-01-31 10:34:54.169995,Phoenix_4inSlab - window 3 - model 3,Phoenix_4inSlab,3,3,10.53,GJ,0.0,GJ,0.0,GJ,27.86,GJ,8.71,GJ,47.1,GJ,4996.55,W,0.0,W,0.0,W,3239.42,W,757.87,W
2019-01-31 10:34:54.185556,Sacramento_highMass_interior_4inWall_6inSlab - window 4 - model 4,Sacramento_highMass_interior_4inWall_6inSlab,4,4,31.94,GJ,0.0,GJ,0.0,GJ,6.12,GJ,3.74,GJ,41.800000000000004,GJ,6923.29,W,0.0,W,0.0,W,1374.57,W,360.51,W
2019-01-31 10:34:54.201279,Phoenix_4inSlab - window 3 - model 4,Phoenix_4inSlab,3,4,10.63,GJ,0.0,GJ,0.0,GJ,27.36,GJ,8.56,GJ,46.550000000000004,GJ,5009.34,W,0.0,W,0.0,W,3191.49,W,746.58,W
2019-01-31 10:34:54.268924,Sacramento_4inSlab - window 4 - model 2,Sacramento_4inSlab,4,2,34.12,GJ,0.0,GJ,0.0,GJ,7.03,GJ,4.61,GJ,45.76,GJ,6921.18,W,0.0,W,0.0,W,1981.65,W,508.18,W
2019-01-31 10:34:54.291811,Minneapolis_4inSlab - window 3 - model 4,Minneapolis_4inSlab,3,4,121.23,GJ,0.0,GJ,0.0,GJ,6.2,GJ,4.62,GJ,132.05,GJ,19455.14,W,0.0,W,0.0,W,2190.78,W,493.19,W
2019-01-31 10:34:54.316550,Minneapolis_4inSlab - window 3 - model 3,Minneapolis_4inSlab,3,3,120.48,GJ,0.0,GJ,0.0,GJ,6.38,GJ,4.65,GJ,131.51,GJ,19455.18,W,0.0,W,0.0,W,2185.58,W,493.19,W
2019-01-31 10:34:54.334869,Phoenix_4inSlab - window 1 - model 1,Phoenix_4inSlab,1,1,11.48,GJ,0.0,GJ,0.0,GJ,35.67,GJ,11.19,GJ,58.34,GJ,5443.7,W,0.0,W,0.0,W,4095.62,W,959.51,W
2019-01-31 10:34:54.350560,Sacramento_highMass_interior_4inWall_6inSlab - window 4 - model 5,Sacramento_highMass_interior_4inWall_6inSlab,4,5,33.17,GJ,0.0,GJ,0.0,GJ,5.56,GJ,3.52,GJ,42.25000000000001,GJ,6937.78,W,0.0,W,0.0,W,1320.42,W,344.08,W
2019-01-31 10:34:54.365934,Sacramento_4inSlab - window 4 - model 3,Sacramento_4inSlab,4,3,33.73,GJ,0.0,GJ,0.0,GJ,7.31,GJ,4.72,GJ,45.76,GJ,6866.32,W,0.0,W,0.0,W,2027.25,W,520.65,W
2019-01-31 10:34:54.412862,Phoenix_4inSlab - window 3 - model 5,Phoenix_4inSlab,3,5,12.17,GJ,0.0,GJ,0.0,GJ,24.09,GJ,7.74,GJ,44.0,GJ,5265.6,W,0.0,W,0.0,W,2956.27,W,693.49,W
2019-01-31 10:34:54.436217,Sacramento_highMass_interior_4inWall_6inSlab - window 4 - model 2,Sacramento_highMass_interior_4inWall_6inSlab,4,2,31.7,GJ,0.0,GJ,0.0,GJ,6.21,GJ,3.78,GJ,41.69,GJ,6901.92,W,0.0,W,0.0,W,1389.64,W,363.76,W
2019-01-31 10:34:54.453988,Phoenix_4inSlab - window 1 - model 6,Phoenix_4inSlab,1,6,11.95,GJ,0.0,GJ,0.0,GJ,35.26,GJ,11.1,GJ,58.309999999999995,GJ,5420.66,W,0.0,W,0.0,W,4076.12,W,954.8,W
2019-01-31 10:34:54.472944,Phoenix_4inSlab - window 3 - model 2,Phoenix_4inSlab,3,2,10.67,GJ,0.0,GJ,0.0,GJ,27.17,GJ,8.52,GJ,46.36,GJ,4966.65,W,0.0,W,0.0,W,3180.47,W,744.0,W
2019-01-31 10:34:54.491930,Sacramento_4inSlab - window 4 - model 4,Sacramento_4inSlab,4,4,34.31,GJ,0.0,GJ,0.0,GJ,6.92,GJ,4.56,GJ,45.790000000000006,GJ,6920.97,W,0.0,W,0.0,W,1963.09,W,503.09,W
2019-01-31 10:34:54.520929,Sacramento_highMass_interior_4inWall_6inSlab - window 2 - model 4,Sacramento_highMass_interior_4inWall_6inSlab,2,4,39.97,GJ,0.0,GJ,0.0,GJ,6.44,GJ,4.35,GJ,50.76,GJ,8061.25,W,0.0,W,0.0,W,1881.95,W,481.42,W
2019-01-31 10:34:54.540972,Sacramento_4inSlab - window 2 - model 2,Sacramento_4inSlab,2,2,42.86,GJ,0.0,GJ,0.0,GJ,7.31,GJ,5.27,GJ,55.44,GJ,8055.29,W,0.0,W,0.0,W,2119.41,W,543.16,W
2019-01-31 10:34:54.583877,Phoenix_4inSlab - window 5 - model 4,Phoenix_4inSlab,5,4,10.17,GJ,0.0,GJ,0.0,GJ,22.63,GJ,7.12,GJ,39.919999999999995,GJ,4758.91,W,0.0,W,0.0,W,2665.03,W,624.83,W
2019-01-31 10:34:54.599593,Sacramento_highMass_interior_4inWall_6inSlab - window 2 - model 3,Sacramento_highMass_interior_4inWall_6inSlab,2,3,39.9,GJ,0.0,GJ,0.0,GJ,6.47,GJ,4.36,GJ,50.73,GJ,8061.25,W,0.0,W,0.0,W,1887.05,W,482.8,W
2019-01-31 10:34:54.615254,Phoenix_4inSlab - window 5 - model 3,Phoenix_4inSlab,5,3,10.09,GJ,0.0,GJ,0.0,GJ,23.03,GJ,7.24,GJ,40.36000000000001,GJ,4624.31,W,0.0,W,0.0,W,2708.53,W,635.1,W
2019-01-31 10:34:54.630628,Sacramento_4inSlab - window 2 - model 5,Sacramento_4inSlab,2,5,45.05,GJ,0.0,GJ,0.0,GJ,5.74,GJ,4.57,GJ,55.36,GJ,7992.89,W,0.0,W,0.0,W,1931.76,W,494.69,W
2019-01-31 10:34:54.661979,Minneapolis_4inSlab - window 5 - model 5,Minneapolis_4inSlab,5,5,124.59,GJ,0.0,GJ,0.0,GJ,4.23,GJ,4.16,GJ,132.98,GJ,18764.9,W,0.0,W,0.0,W,2119.54,W,451.58,W
2019-01-31 10:34:54.677615,Minneapolis_4inSlab - window 5 - model 2,Minneapolis_4inSlab,5,2,119.65,GJ,0.0,GJ,0.0,GJ,4.73,GJ,4.16,GJ,128.54000000000002,GJ,18739.76,W,0.0,W,0.0,W,2177.6,W,462.76,W
2019-01-31 10:34:54.753630,Sacramento_highMass_interior_4inWall_6inSlab - window 2 - model 2,Sacramento_highMass_interior_4inWall_6inSlab,2,2,40.09,GJ,0.0,GJ,0.0,GJ,6.39,GJ,4.33,GJ,50.81,GJ,8062.37,W,0.0,W,0.0,W,1870.35,W,478.29,W
2019-01-31 10:34:54.768895,Sacramento_4inSlab - window 2 - model 4,Sacramento_4inSlab,2,4,42.76,GJ,0.0,GJ,0.0,GJ,7.37,GJ,5.29,GJ,55.419999999999995,GJ,8054.19,W,0.0,W,0.0,W,2132.36,W,546.65,W
2019-01-31 10:34:54.797333,Phoenix_4inSlab - window 5 - model 2,Phoenix_4inSlab,5,2,10.28,GJ,0.0,GJ,0.0,GJ,22.44,GJ,7.07,GJ,39.79,GJ,4757.97,W,0.0,W,0.0,W,2651.06,W,621.52,W
2019-01-31 10:34:54.816410,Sacramento_highMass_interior_4inWall_6inSlab - window 2 - model 5,Sacramento_highMass_interior_4inWall_6inSlab,2,5,42.85,GJ,0.0,GJ,0.0,GJ,4.93,GJ,3.7,GJ,51.480000000000004,GJ,7943.23,W,0.0,W,0.0,W,1345.0,W,351.45,W
2019-01-31 10:34:54.836350,Phoenix_4inSlab - window 5 - model 5,Phoenix_4inSlab,5,5,11.55,GJ,0.0,GJ,0.0,GJ,21.39,GJ,6.87,GJ,39.809999999999995,GJ,4911.39,W,0.0,W,0.0,W,2599.68,W,609.32,W
2019-01-31 10:34:54.851746,Sacramento_4inSlab - window 2 - model 3,Sacramento_4inSlab,2,3,42.71,GJ,0.0,GJ,0.0,GJ,7.4,GJ,5.31,GJ,55.42,GJ,8054.19,W,0.0,W,0.0,W,2137.37,W,548.0,W
2019-01-31 10:34:54.867619,Minneapolis_4inSlab - window 5 - model 3,Minneapolis_4inSlab,5,3,118.74,GJ,0.0,GJ,0.0,GJ,4.94,GJ,4.19,GJ,127.86999999999999,GJ,18752.49,W,0.0,W,0.0,W,2226.22,W,475.37,W
2019-01-31 10:34:54.914529,Minneapolis_4inSlab - window 5 - model 4,Minneapolis_4inSlab,5,4,119.39,GJ,0.0,GJ,0.0,GJ,4.81,GJ,4.17,GJ,128.37,GJ,18752.42,W,0.0,W,0.0,W,2192.7,W,466.61,W
2019-01-31 10:34:54.933324,Minneapolis_4inSlab - window 2 - model 2,Minneapolis_4inSlab,2,2,134.72,GJ,0.0,GJ,0.0,GJ,6.11,GJ,4.94,GJ,145.77,GJ,20743.23,W,0.0,W,0.0,W,2317.05,W,525.84,W
2019-01-31 10:34:54.959331,Minneapolis_4inSlab - window 2 - model 5,Minneapolis_4inSlab,2,5,138.87,GJ,0.0,GJ,0.0,GJ,4.87,GJ,4.7,GJ,148.44,GJ,20752.05,W,0.0,W,0.0,W,2417.26,W,526.06,W
2019-01-31 10:34:54.985297,Sacramento_highMass_interior_4inWall_6inSlab - window 5 - model 3,Sacramento_highMass_interior_4inWall_6inSlab,5,3,33.92,GJ,0.0,GJ,0.0,GJ,5.24,GJ,3.35,GJ,42.510000000000005,GJ,6980.84,W,0.0,W,0.0,W,1270.86,W,330.89,W
2019-01-31 10:34:55.002486,Phoenix_4inSlab - window 2 - model 3,Phoenix_4inSlab,2,3,12.59,GJ,0.0,GJ,0.0,GJ,28.61,GJ,9.09,GJ,50.290000000000006,GJ,5560.05,W,0.0,W,0.0,W,3404.27,W,796.53,W
2019-01-31 10:34:55.018055,Sacramento_4inSlab - window 5 - model 5,Sacramento_4inSlab,5,5,39.33,GJ,0.0,GJ,0.0,GJ,5.1,GJ,3.87,GJ,48.3,GJ,7128.89,W,0.0,W,0.0,W,1355.71,W,354.6,W
2019-01-31 10:34:55.065691,Sacramento_highMass_interior_4inWall_6inSlab - window 5 - model 4,Sacramento_highMass_interior_4inWall_6inSlab,5,4,34.27,GJ,0.0,GJ,0.0,GJ,5.11,GJ,3.29,GJ,42.67,GJ,6980.75,W,0.0,W,0.0,W,1249.72,W,324.94,W
2019-01-31 10:34:55.080575,Sacramento_4inSlab - window 5 - model 2,Sacramento_4inSlab,5,2,36.35,GJ,0.0,GJ,0.0,GJ,5.72,GJ,3.99,GJ,46.06,GJ,6985.3,W,0.0,W,0.0,W,1593.55,W,410.95,W
2019-01-31 10:34:55.096215,Phoenix_4inSlab - window 2 - model 4,Phoenix_4inSlab,2,4,12.61,GJ,0.0,GJ,0.0,GJ,28.54,GJ,9.07,GJ,50.22,GJ,5561.96,W,0.0,W,0.0,W,3397.53,W,794.94,W
2019-01-31 10:34:55.111949,Minneapolis_4inSlab - window 2 - model 4,Minneapolis_4inSlab,2,4,134.5,GJ,0.0,GJ,0.0,GJ,6.17,GJ,4.95,GJ,145.61999999999998,GJ,20743.98,W,0.0,W,0.0,W,2321.38,W,525.86,W
2019-01-31 10:34:55.127498,Minneapolis_4inSlab - window 2 - model 3,Minneapolis_4inSlab,2,3,134.39,GJ,0.0,GJ,0.0,GJ,6.2,GJ,4.95,GJ,145.53999999999996,GJ,20743.98,W,0.0,W,0.0,W,2320.71,W,525.86,W
2019-01-31 10:34:55.157561,Sacramento_highMass_interior_4inWall_6inSlab - window 5 - model 5,Sacramento_highMass_interior_4inWall_6inSlab,5,5,37.6,GJ,0.0,GJ,0.0,GJ,4.43,GJ,3.13,GJ,45.160000000000004,GJ,7132.01,W,0.0,W,0.0,W,1213.15,W,314.4,W
2019-01-31 10:34:55.182516,Phoenix_4inSlab - window 2 - model 5,Phoenix_4inSlab,2,5,13.6,GJ,0.0,GJ,0.0,GJ,24.36,GJ,7.9,GJ,45.86,GJ,5587.58,W,0.0,W,0.0,W,3042.56,W,711.29,W
2019-01-31 10:34:55.218834,Sacramento_4inSlab - window 5 - model 3,Sacramento_4inSlab,5,3,35.87,GJ,0.0,GJ,0.0,GJ,5.95,GJ,4.09,GJ,45.91,GJ,6980.84,W,0.0,W,0.0,W,1787.47,W,456.41,W
2019-01-31 10:34:55.249842,Sacramento_highMass_interior_4inWall_6inSlab - window 5 - model 2,Sacramento_highMass_interior_4inWall_6inSlab,5,2,34.49,GJ,0.0,GJ,0.0,GJ,5.03,GJ,3.26,GJ,42.78,GJ,6985.32,W,0.0,W,0.0,W,1247.93,W,324.33,W
2019-01-31 10:34:55.265670,Sacramento_4inSlab - window 5 - model 4,Sacramento_4inSlab,5,4,36.14,GJ,0.0,GJ,0.0,GJ,5.8,GJ,4.01,GJ,45.949999999999996,GJ,6980.78,W,0.0,W,0.0,W,1598.26,W,412.3,W
2019-01-31 10:34:55.297130,Phoenix_4inSlab - window 2 - model 2,Phoenix_4inSlab,2,2,12.64,GJ,0.0,GJ,0.0,GJ,28.38,GJ,9.03,GJ,50.05,GJ,5565.72,W,0.0,W,0.0,W,3387.2,W,792.52,W
2019-01-31 10:34:55.312415,Sacramento_4inSlab - window 1 - model 6,Sacramento_4inSlab,1,6,40.05,GJ,0.0,GJ,0.0,GJ,10.21,GJ,6.59,GJ,56.849999999999994,GJ,8198.19,W,0.0,W,0.0,W,2841.34,W,731.79,W
2019-01-31 10:34:55.328511,Sacramento_highMass_interior_4inWall_6inSlab - window 3 - model 4,Sacramento_highMass_interior_4inWall_6inSlab,3,4,34.59,GJ,0.0,GJ,0.0,GJ,6.5,GJ,4.07,GJ,45.160000000000004,GJ,7400.02,W,0.0,W,0.0,W,1833.4,W,468.85,W
2019-01-31 10:34:55.394513,Phoenix_4inSlab - window 4 - model 4,Phoenix_4inSlab,4,4,9.5,GJ,0.0,GJ,0.0,GJ,25.49,GJ,7.94,GJ,42.92999999999999,GJ,4643.21,W,0.0,W,0.0,W,2953.18,W,692.92,W
2019-01-31 10:34:55.419588,Sacramento_4inSlab - window 3 - model 2,Sacramento_4inSlab,3,2,37.42,GJ,0.0,GJ,0.0,GJ,7.32,GJ,4.94,GJ,49.68,GJ,7396.53,W,0.0,W,0.0,W,2072.97,W,533.37,W
2019-01-31 10:34:55.441516,Sacramento_highMass_interior_4inWall_6inSlab - window 3 - model 3,Sacramento_highMass_interior_4inWall_6inSlab,3,3,34.19,GJ,0.0,GJ,0.0,GJ,6.69,GJ,4.15,GJ,45.029999999999994,GJ,7391.59,W,0.0,W,0.0,W,1866.53,W,477.89,W
2019-01-31 10:34:55.460551,Sacramento_4inSlab - window 1 - model 1,Sacramento_4inSlab,1,1,38.79,GJ,0.0,GJ,0.0,GJ,10.44,GJ,6.63,GJ,55.86,GJ,8073.43,W,0.0,W,0.0,W,2879.15,W,741.92,W
2019-01-31 10:34:55.478597,Sacramento_4inSlab - window 3 - model 5,Sacramento_4inSlab,3,5,41.38,GJ,0.0,GJ,0.0,GJ,5.87,GJ,4.46,GJ,51.71,GJ,7591.81,W,0.0,W,0.0,W,1910.12,W,490.12,W
2019-01-31 10:34:55.497547,Phoenix_4inSlab - window 4 - model 3,Phoenix_4inSlab,4,3,9.3,GJ,0.0,GJ,0.0,GJ,26.4,GJ,8.18,GJ,43.88,GJ,4619.63,W,0.0,W,0.0,W,3051.28,W,713.75,W
2019-01-31 10:34:55.515609,Minneapolis_4inSlab - window 4 - model 5,Minneapolis_4inSlab,4,5,115.91,GJ,0.0,GJ,0.0,GJ,5.27,GJ,4.22,GJ,125.39999999999999,GJ,18337.16,W,0.0,W,0.0,W,2091.55,W,461.93,W
2019-01-31 10:34:55.551750,Minneapolis_4inSlab - window 4 - model 2,Minneapolis_4inSlab,4,2,113.22,GJ,0.0,GJ,0.0,GJ,5.85,GJ,4.31,GJ,123.38,GJ,18260.73,W,0.0,W,0.0,W,2078.21,W,462.91,W
2019-01-31 10:34:55.588758,Sacramento_highMass_interior_4inWall_6inSlab - window 3 - model 2,Sacramento_highMass_interior_4inWall_6inSlab,3,2,34.72,GJ,0.0,GJ,0.0,GJ,6.43,GJ,4.05,GJ,45.199999999999996,GJ,7400.92,W,0.0,W,0.0,W,1821.63,W,465.63,W
2019-01-31 10:34:55.612734,Phoenix_4inSlab - window 4 - model 2,Phoenix_4inSlab,4,2,9.44,GJ,0.0,GJ,0.0,GJ,25.74,GJ,8.0,GJ,43.18,GJ,4634.32,W,0.0,W,0.0,W,2994.43,W,700.37,W
2019-01-31 10:34:55.633749,Sacramento_4inSlab - window 3 - model 4,Sacramento_4inSlab,3,4,37.31,GJ,0.0,GJ,0.0,GJ,7.4,GJ,4.97,GJ,49.68,GJ,7395.6,W,0.0,W,0.0,W,2085.04,W,536.66,W
2019-01-31 10:34:55.650994,Sacramento_highMass_interior_4inWall_6inSlab - window 1 - model 6,Sacramento_highMass_interior_4inWall_6inSlab,1,6,35.94,GJ,0.0,GJ,0.0,GJ,8.99,GJ,5.4,GJ,50.33,GJ,8205.82,W,0.0,W,0.0,W,2345.08,W,607.85,W
2019-01-31 10:34:55.666407,Sacramento_highMass_interior_4inWall_6inSlab - window 3 - model 5,Sacramento_highMass_interior_4inWall_6inSlab,3,5,39.21,GJ,0.0,GJ,0.0,GJ,5.08,GJ,3.62,GJ,47.91,GJ,7596.92,W,0.0,W,0.0,W,1334.53,W,348.35,W
2019-01-31 10:34:55.713502,Sacramento_highMass_interior_4inWall_6inSlab - window 1 - model 1,Sacramento_highMass_interior_4inWall_6inSlab,1,1,34.64,GJ,0.0,GJ,0.0,GJ,9.2,GJ,5.43,GJ,49.27,GJ,8065.85,W,0.0,W,0.0,W,2524.42,W,650.1,W
2019-01-31 10:34:55.729046,Sacramento_4inSlab - window 3 - model 3,Sacramento_4inSlab,3,3,37.0,GJ,0.0,GJ,0.0,GJ,7.61,GJ,5.06,GJ,49.67,GJ,7349.69,W,0.0,W,0.0,W,2119.12,W,544.36,W
2019-01-31 10:34:55.744940,Phoenix_4inSlab - window 4 - model 5,Phoenix_4inSlab,4,5,9.85,GJ,0.0,GJ,0.0,GJ,24.03,GJ,7.51,GJ,41.39,GJ,4680.64,W,0.0,W,0.0,W,2833.87,W,662.54,W
2019-01-31 10:34:55.772486,Minneapolis_4inSlab - window 4 - model 3,Minneapolis_4inSlab,4,3,112.28,GJ,0.0,GJ,0.0,GJ,6.09,GJ,4.36,GJ,122.73,GJ,18261.68,W,0.0,W,0.0,W,2071.76,W,462.93,W
2019-01-31 10:34:55.795357,Minneapolis_4inSlab - window 4 - model 4,Minneapolis_4inSlab,4,4,113.65,GJ,0.0,GJ,0.0,GJ,5.76,GJ,4.3,GJ,123.71000000000001,GJ,18261.62,W,0.0,W,0.0,W,2082.01,W,462.93,W
2019-01-31 10:34:55.814473,Phoenix_4inSlab - window 1 - model 3,Phoenix_4inSlab,1,3,11.5,GJ,0.0,GJ,0.0,GJ,35.61,GJ,11.16,GJ,58.269999999999996,GJ,5447.8,W,0.0,W,0.0,W,4081.25,W,956.07,W
2019-01-31 10:34:55.834871,Sacramento_4inSlab - window 4 - model 1,Sacramento_4inSlab,4,1,34.12,GJ,0.0,GJ,0.0,GJ,7.03,GJ,4.61,GJ,45.76,GJ,6921.14,W,0.0,W,0.0,W,1981.66,W,508.18,W
2019-01-31 10:34:55.871542,Phoenix_4inSlab - window 1 - model 4,Phoenix_4inSlab,1,4,11.51,GJ,0.0,GJ,0.0,GJ,35.52,GJ,11.14,GJ,58.17,GJ,5449.72,W,0.0,W,0.0,W,4073.32,W,954.21,W
2019-01-31 10:34:55.887256,Sacramento_4inSlab - window 4 - model 6,Sacramento_4inSlab,4,6,35.5,GJ,0.0,GJ,0.0,GJ,7.32,GJ,4.84,GJ,47.66,GJ,7103.13,W,0.0,W,0.0,W,2049.0,W,526.74,W
2019-01-31 10:34:55.902667,Minneapolis_4inSlab - window 3 - model 6,Minneapolis_4inSlab,3,6,126.56,GJ,0.0,GJ,0.0,GJ,6.35,GJ,4.8,GJ,137.71,GJ,20076.93,W,0.0,W,0.0,W,2247.0,W,508.94,W
2019-01-31 10:34:55.918309,Minneapolis_4inSlab - window 1 - model 2,Minneapolis_4inSlab,1,2,123.76,GJ,0.0,GJ,0.0,GJ,9.13,GJ,6.33,GJ,139.22000000000003,GJ,20783.84,W,0.0,W,0.0,W,2783.66,W,658.24,W
2019-01-31 10:34:55.949915,Minneapolis_4inSlab - window 3 - model 1,Minneapolis_4inSlab,3,1,121.46,GJ,0.0,GJ,0.0,GJ,6.13,GJ,4.61,GJ,132.2,GJ,19456.03,W,0.0,W,0.0,W,2190.45,W,493.21,W
2019-01-31 10:34:55.965596,Minneapolis_4inSlab - window 1 - model 5,Minneapolis_4inSlab,1,5,131.29,GJ,0.0,GJ,0.0,GJ,7.84,GJ,5.72,GJ,144.85,GJ,21302.15,W,0.0,W,0.0,W,2559.22,W,597.71,W
2019-01-31 10:34:55.991999,Sacramento_highMass_interior_4inWall_6inSlab - window 4 - model 1,Sacramento_highMass_interior_4inWall_6inSlab,4,1,31.7,GJ,0.0,GJ,0.0,GJ,6.21,GJ,3.78,GJ,41.69,GJ,6901.75,W,0.0,W,0.0,W,1389.65,W,363.76,W
2019-01-31 10:34:56.046969,Phoenix_4inSlab - window 1 - model 5,Phoenix_4inSlab,1,5,12.29,GJ,0.0,GJ,0.0,GJ,32.69,GJ,10.31,GJ,55.29,GJ,5606.58,W,0.0,W,0.0,W,3847.15,W,897.84,W
2019-01-31 10:34:56.051205,Phoenix_4inSlab - window 3 - model 1,Phoenix_4inSlab,3,1,10.67,GJ,0.0,GJ,0.0,GJ,27.17,GJ,8.52,GJ,46.36,GJ,4967.15,W,0.0,W,0.0,W,3180.55,W,744.02,W
2019-01-31 10:34:56.082361,Phoenix_4inSlab - window 1 - model 2,Phoenix_4inSlab,1,2,11.48,GJ,0.0,GJ,0.0,GJ,35.67,GJ,11.18,GJ,58.330000000000005,GJ,5443.59,W,0.0,W,0.0,W,4095.62,W,959.51,W
2019-01-31 10:34:56.098241,Sacramento_highMass_interior_4inWall_6inSlab - window 4 - model 6,Sacramento_highMass_interior_4inWall_6inSlab,4,6,32.91,GJ,0.0,GJ,0.0,GJ,6.46,GJ,3.97,GJ,43.339999999999996,GJ,7151.28,W,0.0,W,0.0,W,1801.69,W,460.09,W
2019-01-31 10:34:56.113825,Phoenix_4inSlab - window 3 - model 6,Phoenix_4inSlab,3,6,11.44,GJ,0.0,GJ,0.0,GJ,28.3,GJ,8.92,GJ,48.660000000000004,GJ,5268.12,W,0.0,W,0.0,W,3324.27,W,777.82,W
2019-01-31 10:34:56.129254,Minneapolis_4inSlab - window 1 - model 4,Minneapolis_4inSlab,1,4,124.01,GJ,0.0,GJ,0.0,GJ,9.06,GJ,6.3,GJ,139.37,GJ,20785.54,W,0.0,W,0.0,W,2772.41,W,655.12,W
2019-01-31 10:34:56.176559,Minneapolis_4inSlab - window 1 - model 3,Minneapolis_4inSlab,1,3,123.88,GJ,0.0,GJ,0.0,GJ,9.11,GJ,6.32,GJ,139.31,GJ,20785.55,W,0.0,W,0.0,W,2780.85,W,657.47,W
2019-01-31 10:34:56.191666,Minneapolis_4inSlab - window 5 - model 1,Minneapolis_4inSlab,5,1,119.71,GJ,0.0,GJ,0.0,GJ,4.73,GJ,4.16,GJ,128.6,GJ,18753.65,W,0.0,W,0.0,W,2177.75,W,462.81,W
2019-01-31 10:34:56.222323,Minneapolis_4inSlab - window 5 - model 6,Minneapolis_4inSlab,5,6,120.58,GJ,0.0,GJ,0.0,GJ,5.05,GJ,4.27,GJ,129.9,GJ,19070.6,W,0.0,W,0.0,W,2254.11,W,483.43,W
2019-01-31 10:34:56.246322,Sacramento_4inSlab - window 2 - model 6,Sacramento_4inSlab,2,6,43.89,GJ,0.0,GJ,0.0,GJ,7.3,GJ,5.32,GJ,56.51,GJ,8175.01,W,0.0,W,0.0,W,2126.68,W,545.19,W
2019-01-31 10:34:56.266361,Sacramento_4inSlab - window 2 - model 1,Sacramento_4inSlab,2,1,42.86,GJ,0.0,GJ,0.0,GJ,7.31,GJ,5.27,GJ,55.44,GJ,8055.21,W,0.0,W,0.0,W,2119.42,W,543.16,W
2019-01-31 10:34:56.290226,Sacramento_highMass_interior_4inWall_6inSlab - window 2 - model 6,Sacramento_highMass_interior_4inWall_6inSlab,2,6,41.05,GJ,0.0,GJ,0.0,GJ,6.36,GJ,4.38,GJ,51.79,GJ,8182.54,W,0.0,W,0.0,W,1879.07,W,480.73,W
2019-01-31 10:34:56.323221,Phoenix_4inSlab - window 5 - model 6,Phoenix_4inSlab,5,6,10.26,GJ,0.0,GJ,0.0,GJ,23.65,GJ,7.43,GJ,41.339999999999996,GJ,4813.39,W,0.0,W,0.0,W,2783.44,W,652.82,W
2019-01-31 10:34:56.382634,Sacramento_highMass_interior_4inWall_6inSlab - window 2 - model 1,Sacramento_highMass_interior_4inWall_6inSlab,2,1,40.09,GJ,0.0,GJ,0.0,GJ,6.39,GJ,4.33,GJ,50.81,GJ,8062.3,W,0.0,W,0.0,W,1870.36,W,478.29,W
2019-01-31 10:34:56.398852,Phoenix_4inSlab - window 5 - model 1,Phoenix_4inSlab,5,1,10.3,GJ,0.0,GJ,0.0,GJ,22.44,GJ,7.08,GJ,39.82,GJ,4762.76,W,0.0,W,0.0,W,2652.55,W,621.87,W
2019-01-31 10:34:56.414688,Sacramento_4inSlab - window 5 - model 1,Sacramento_4inSlab,5,1,36.33,GJ,0.0,GJ,0.0,GJ,5.71,GJ,3.98,GJ,46.019999999999996,GJ,6981.26,W,0.0,W,0.0,W,1593.49,W,410.93,W
2019-01-31 10:34:56.446087,Sacramento_4inSlab - window 5 - model 6,Sacramento_4inSlab,5,6,36.34,GJ,0.0,GJ,0.0,GJ,6.1,GJ,4.21,GJ,46.650000000000006,GJ,7089.65,W,0.0,W,0.0,W,1810.56,W,461.74,W
2019-01-31 10:34:56.471126,Minneapolis_4inSlab - window 2 - model 6,Minneapolis_4inSlab,2,6,137.63,GJ,0.0,GJ,0.0,GJ,6.1,GJ,5.01,GJ,148.73999999999998,GJ,21069.31,W,0.0,W,0.0,W,2349.76,W,534.1,W
2019-01-31 10:34:56.494124,Minneapolis_4inSlab - window 2 - model 1,Minneapolis_4inSlab,2,1,134.72,GJ,0.0,GJ,0.0,GJ,6.11,GJ,4.94,GJ,145.77,GJ,20745.99,W,0.0,W,0.0,W,2317.34,W,525.91,W
2019-01-31 10:34:56.547121,Sacramento_highMass_interior_4inWall_6inSlab - window 5 - model 1,Sacramento_highMass_interior_4inWall_6inSlab,5,1,34.46,GJ,0.0,GJ,0.0,GJ,5.03,GJ,3.26,GJ,42.75,GJ,6981.28,W,0.0,W,0.0,W,1247.92,W,324.32,W
2019-01-31 10:34:56.567141,Phoenix_4inSlab - window 2 - model 1,Phoenix_4inSlab,2,1,12.64,GJ,0.0,GJ,0.0,GJ,28.38,GJ,9.03,GJ,50.05,GJ,5565.76,W,0.0,W,0.0,W,3387.21,W,792.52,W
2019-01-31 10:34:56.587844,Sacramento_highMass_interior_4inWall_6inSlab - window 5 - model 6,Sacramento_highMass_interior_4inWall_6inSlab,5,6,34.3,GJ,0.0,GJ,0.0,GJ,5.38,GJ,3.46,GJ,43.14,GJ,7093.1,W,0.0,W,0.0,W,1283.71,W,334.94,W
2019-01-31 10:34:56.603639,Phoenix_4inSlab - window 2 - model 6,Phoenix_4inSlab,2,6,13.11,GJ,0.0,GJ,0.0,GJ,28.53,GJ,9.11,GJ,50.75,GJ,5672.76,W,0.0,W,0.0,W,3418.41,W,799.79,W
2019-01-31 10:34:56.619162,Minneapolis_4inSlab - window 4 - model 1,Minneapolis_4inSlab,4,1,113.22,GJ,0.0,GJ,0.0,GJ,5.86,GJ,4.31,GJ,123.39,GJ,18261.95,W,0.0,W,0.0,W,2078.34,W,462.94,W
2019-01-31 10:34:56.650397,Minneapolis_4inSlab - window 4 - model 6,Minneapolis_4inSlab,4,6,116.73,GJ,0.0,GJ,0.0,GJ,6.12,GJ,4.48,GJ,127.33000000000001,GJ,18780.65,W,0.0,W,0.0,W,2122.14,W,476.09,W
2019-01-31 10:34:56.679272,Sacramento_4inSlab - window 1 - model 2,Sacramento_4inSlab,1,2,38.79,GJ,0.0,GJ,0.0,GJ,10.44,GJ,6.63,GJ,55.86,GJ,8073.51,W,0.0,W,0.0,W,2879.15,W,741.92,W
2019-01-31 10:34:56.718729,Sacramento_4inSlab - window 3 - model 6,Sacramento_4inSlab,3,6,39.37,GJ,0.0,GJ,0.0,GJ,7.59,GJ,5.2,GJ,52.16,GJ,7665.63,W,0.0,W,0.0,W,2128.76,W,547.37,W
2019-01-31 10:34:56.750231,Sacramento_highMass_interior_4inWall_6inSlab - window 1 - model 4,Sacramento_highMass_interior_4inWall_6inSlab,1,4,34.77,GJ,0.0,GJ,0.0,GJ,9.14,GJ,5.4,GJ,49.31,GJ,8072.04,W,0.0,W,0.0,W,2355.99,W,610.78,W
2019-01-31 10:34:56.772198,Sacramento_4inSlab - window 1 - model 5,Sacramento_4inSlab,1,5,41.44,GJ,0.0,GJ,0.0,GJ,9.09,GJ,6.12,GJ,56.65,GJ,8223.29,W,0.0,W,0.0,W,2655.25,W,683.95,W
2019-01-31 10:34:56.791223,Sacramento_highMass_interior_4inWall_6inSlab - window 1 - model 3,Sacramento_highMass_interior_4inWall_6inSlab,1,3,34.72,GJ,0.0,GJ,0.0,GJ,9.17,GJ,5.41,GJ,49.3,GJ,8069.36,W,0.0,W,0.0,W,2360.71,W,612.09,W
2019-01-31 10:34:56.811339,Sacramento_4inSlab - window 3 - model 1,Sacramento_4inSlab,3,1,37.41,GJ,0.0,GJ,0.0,GJ,7.32,GJ,4.94,GJ,49.669999999999995,GJ,7395.95,W,0.0,W,0.0,W,2072.97,W,533.37,W
2019-01-31 10:34:56.826997,Sacramento_4inSlab - window 1 - model 4,Sacramento_4inSlab,1,4,38.89,GJ,0.0,GJ,0.0,GJ,10.37,GJ,6.6,GJ,55.86,GJ,8072.99,W,0.0,W,0.0,W,2858.06,W,736.29,W
2019-01-31 10:34:56.874140,Sacramento_highMass_interior_4inWall_6inSlab - window 3 - model 6,Sacramento_highMass_interior_4inWall_6inSlab,3,6,36.51,GJ,0.0,GJ,0.0,GJ,6.66,GJ,4.27,GJ,47.44,GJ,7693.18,W,0.0,W,0.0,W,1879.29,W,481.79,W
2019-01-31 10:34:56.908347,Sacramento_highMass_interior_4inWall_6inSlab - window 1 - model 2,Sacramento_highMass_interior_4inWall_6inSlab,1,2,34.64,GJ,0.0,GJ,0.0,GJ,9.2,GJ,5.43,GJ,49.27,GJ,8065.97,W,0.0,W,0.0,W,2524.43,W,650.11,W
2019-01-31 10:34:56.937365,Phoenix_4inSlab - window 4 - model 6,Phoenix_4inSlab,4,6,9.99,GJ,0.0,GJ,0.0,GJ,26.78,GJ,8.35,GJ,45.120000000000005,GJ,4810.51,W,0.0,W,0.0,W,3121.13,W,730.13,W
2019-01-31 10:34:56.956459,Sacramento_highMass_interior_4inWall_6inSlab - window 3 - model 1,Sacramento_highMass_interior_4inWall_6inSlab,3,1,34.71,GJ,0.0,GJ,0.0,GJ,6.43,GJ,4.05,GJ,45.19,GJ,7400.34,W,0.0,W,0.0,W,1821.63,W,465.63,W
2019-01-31 10:34:56.967569,Sacramento_4inSlab - window 1 - model 3,Sacramento_4inSlab,1,3,38.86,GJ,0.0,GJ,0.0,GJ,10.4,GJ,6.62,GJ,55.879999999999995,GJ,8072.99,W,0.0,W,0.0,W,2866.39,W,738.52,W
2019-01-31 10:34:56.983156,Phoenix_4inSlab - window 4 - model 1,Phoenix_4inSlab,4,1,9.44,GJ,0.0,GJ,0.0,GJ,25.74,GJ,8.0,GJ,43.18,GJ,4634.41,W,0.0,W,0.0,W,2994.43,W,700.37,W
2019-01-31 10:34:57.014577,Sacramento_highMass_interior_4inWall_6inSlab - window 1 - model 5,Sacramento_highMass_interior_4inWall_6inSlab,1,5,37.74,GJ,0.0,GJ,0.0,GJ,7.94,GJ,4.99,GJ,50.67,GJ,8231.0,W,0.0,W,0.0,W,2194.07,W,566.3,W
